{"cameraMode":{"drawMode":0,"name":"Shaded","section":"Shading Mode"},"sceneLighting":true,"audioPlay":false,"sceneViewState":{"showFog":true,"showMaterialUpdate":true,"showSkybox":true,"showFlares":true,"showImageEffects":true,"showParticleSystems":true},"in2DMode":false,"pivot":{"x":0.9399999976158142,"y":1.600000023841858,"z":-8.609999656677246},"rotation":{"x":0.25699353218078616,"y":-0.19492791593074799,"z":0.053003910928964618,"w":0.9450699687004089},"size":22.0,"orthographic":false}